seed,variance_cv,bias_pct,identifiability,cost_pct,t
0,0.200255,41.171565,28.108494999999994,0.41263345693747483,2
1,0.19509,36.412310000000005,28.460410000000003,0.4395949879526776,2
2,0.19155,48.87574,28.470184999999997,0.5142499800893716,2
3,0.19655,43.10158499999999,26.74487,0.3302607975308289,2
4,0.200365,35.928340000000006,27.184745,0.42163676757669905,2
5,0.21594000000000002,38.15635999999999,30.200395000000004,0.4388292451389863,2
0,0.17718000000000003,38.71467,23.548389999999998,0.7675303061522051,3
1,0.17472000000000001,32.996494999999996,24.472150000000003,0.8415082793065229,3
2,0.172145,33.19738,23.348,0.9348517085546719,3
3,0.1708,32.39763000000001,19.838715,0.7525582600038183,3
4,0.182515,35.610545,20.90909,0.8550361682164677,3
5,0.20301,30.800065,23.528834999999997,0.7855440711150553,3
0,0.22119499999999997,39.86161499999999,20.303035,1.3625433851985569,4
1,0.214875,30.985805,21.637340000000002,1.3409231924005194,4
2,0.21583000000000002,30.359640000000002,20.425225,1.3236638508744698,4
3,0.22464499999999998,25.147895000000002,19.599224999999997,1.3477411473896628,4
4,0.22423500000000002,45.0937,21.49072,1.3905544252933253,4
5,0.23661,26.451225000000004,20.796675,1.3660141335073237,4
