plan_seed,report_seed,lever,n_months,variance_cv,bias_pct,identifiability,cost_pct,max_spike
1,0,Unphased,13,0.30483000000000005,58.02347999999999,40.40078999999999,0.0,1.0
1,0,roundrobin_plus_edge_layer,13,0.16324,19.556594999999998,15.72825,1.7723857515571668,2.2700819144530637
1,1,Unphased,13,0.30169999999999997,80.72493999999999,42.48288,0.0,1.0
1,1,roundrobin_plus_edge_layer,13,0.17733500000000002,17.53431,16.300100000000004,1.634702390466574,2.3256665820075835
1,2,Unphased,13,0.30300000000000005,77.19933999999998,42.93256,0.0,1.0
1,2,roundrobin_plus_edge_layer,13,0.16685,16.192970000000003,14.824050000000003,1.718608114031127,2.4179387334533637
2,0,Unphased,13,0.29704,82.42936999999999,42.31673,0.0,1.0
2,0,roundrobin_plus_edge_layer,13,0.160475,27.783259999999995,14.125119999999999,1.8280550934946405,2.6458256412905983
2,1,Unphased,13,0.30551000000000006,59.43939,43.50929,0.0,1.0
2,1,roundrobin_plus_edge_layer,13,0.178725,12.590635,14.872920000000004,1.7540143746609642,2.7231219389063246
2,2,Unphased,13,0.31022999999999995,78.79162,44.2913,0.0,1.0
2,2,roundrobin_plus_edge_layer,13,0.162555,21.125835,13.582600000000003,1.8109379342238903,2.5665633997131536
3,0,Unphased,13,0.29101,33.247969999999995,41.49560999999999,0.0,1.0
3,0,roundrobin_plus_edge_layer,13,0.16079499999999997,15.956550000000002,16.451615,1.690873727335553,2.928243964863836
3,1,Unphased,13,0.29209,41.11102000000001,40.498540000000006,0.0,1.0
3,1,roundrobin_plus_edge_layer,13,0.17875000000000002,17.042334999999998,16.114359999999998,1.7009791481275331,2.6027994741438625
3,2,Unphased,13,0.29138,46.44704,41.17302,0.0,1.0
3,2,roundrobin_plus_edge_layer,13,0.171815,18.233480000000004,14.58456,1.6863546790750132,2.869740247283443
4,0,Unphased,13,0.33838,69.12246,41.86705,0.0,1.0
4,0,roundrobin_plus_edge_layer,13,0.16822,27.402914999999997,15.635390000000005,1.8987602945180517,2.4683281945748723
4,1,Unphased,13,0.33803,70.47446,41.81819,0.0,1.0
4,1,roundrobin_plus_edge_layer,13,0.18791,14.950644999999998,15.327465,1.8263256546792241,2.806772199550642
4,2,Unphased,13,0.33191000000000004,75.24041,41.09483,0.0,1.0
4,2,roundrobin_plus_edge_layer,13,0.17229500000000003,15.128215000000003,14.711624999999998,1.7564824838591915,2.5241430681688724
5,0,Unphased,13,0.28942999999999997,77.69041,39.677440000000004,0.0,1.0
5,0,roundrobin_plus_edge_layer,13,0.17155499999999999,29.51669499999999,16.808410000000002,1.7730120008098778,2.4970523464038803
5,1,Unphased,13,0.28819,55.29367,42.16032,0.0,1.0
5,1,roundrobin_plus_edge_layer,13,0.18818999999999997,19.65279,17.482895,1.7444819601406356,2.6204663633382514
5,2,Unphased,13,0.29236000000000006,70.37647,44.15445,0.0,1.0
5,2,roundrobin_plus_edge_layer,13,0.171195,15.05277,15.679364999999999,1.7454982370345564,2.7272610383527534
