plan_seed,report_seed,lever,n_months,variance_cv,bias_pct,identifiability,cost_pct,max_spike,years
y1,0,Unphased,12,0.43724999999999997,96.02248,41.78886000000001,0.0,1.0,1
y1,0,roundrobin_plus_edge_layer,12,0.19807500000000003,36.393015,11.925715,1.870116187283484,2.5067890604833143,1
y1,1,Unphased,12,0.43576000000000004,93.30299,44.24243,0.0,1.0,1
y1,1,roundrobin_plus_edge_layer,12,0.19249999999999998,17.861315,14.046915000000002,1.777936521554033,2.4189164209727783,1
y1,2,Unphased,12,0.42736,97.10992999999999,43.95895,0.0,1.0,1
y1,2,roundrobin_plus_edge_layer,12,0.18532500000000002,21.3251,14.408595,1.6554266836662814,2.471236479780427,1
y2,0,Unphased,24,0.31583,77.96816,45.27861,0.0,1.0,2
y2,0,roundrobin_plus_edge_layer,24,0.105365,20.355365,9.046925,1.7176389877475713,2.6287444492579555,2
y2,1,Unphased,24,0.32096,70.96227,44.99512,0.0,1.0,2
y2,1,roundrobin_plus_edge_layer,24,0.10365500000000001,11.332640000000001,9.736070000000002,1.759593476563976,2.7243615504640997,2
y2,2,Unphased,24,0.31316,62.155060000000006,46.23656,0.0,1.0,2
y2,2,roundrobin_plus_edge_layer,24,0.11269,16.451835,10.107525,1.6878849842435217,2.5761655356845097,2
y3,0,Unphased,36,0.25185,48.689299999999996,45.39591,0.0,1.0,3
y3,0,roundrobin_plus_edge_layer,36,0.08535000000000001,9.798710000000002,8.72435,1.7466538370759337,2.7835518439456077,3
y3,1,Unphased,36,0.25234,55.22958,46.793760000000006,0.0,1.0,3
y3,1,roundrobin_plus_edge_layer,36,0.09132,11.944119999999998,8.743884999999999,1.740973653739909,2.9642243459071556,3
y3,2,Unphased,36,0.25242,46.053419999999996,45.571839999999995,0.0,1.0,3
y3,2,roundrobin_plus_edge_layer,36,0.09517,10.02057,8.294230000000002,1.725153345585804,2.5761655356845097,3
