seed,lever,variance_cv,bias_pct,identifiability,cost_pct,max_spike
2,unphased,0.25242,46.053419999999996,45.571839999999995,0.0,1.0
2,winner,0.09473000000000001,12.859354999999999,8.743884999999999,1.7026540029833597,2.5761655356845097
2,floor10,0.103105,13.144034999999999,12.302049999999998,1.2330666323056094,2.437968739650407
2,floor25,0.11684000000000001,13.432535000000001,17.922785,0.8099521157363139,2.230673545599253
2,floor50,0.145035,14.168700000000001,28.152495000000005,0.38009832620009104,1.8851815555139964
3,unphased,0.25251,46.05109,43.910070000000005,0.0,1.0
3,winner,0.09397,14.096234999999998,9.0176,1.6730069867864263,2.7920104877796517
3,floor10,0.10243,16.095684999999996,12.58553,1.2200401878509486,2.632378912563961
3,floor25,0.116835,18.970634999999998,18.201379999999997,0.8080570726258153,2.392931549740425
3,floor50,0.1489,24.691544999999998,28.084055,0.3860992708418148,1.9938526117011983
