report_seed,lever,variance_cv,bias_pct,identifiability,cost_pct,max_spike,fit_seconds,winner
7,unphased,0.25387,53.80640999999999,41.88662,0.0,1.0,286.43498826026917,"Blackout (dark=4, prob=1.0)"
7,+/-20% (uniform),0.22337500000000002,32.942745,41.72533,0.0471758450971342,1.2942087051275037,286.43498826026917,"Blackout (dark=4, prob=1.0)"
7,"+/-20% (edge, balanced)",0.18203,19.998865000000002,35.757565,0.15304715194150864,1.2813691541494636,286.43498826026917,"Blackout (dark=4, prob=1.0)"
7,+/-20% (seesaw),0.17675000000000002,46.31183499999999,39.340180000000004,0.11969647094197274,1.2670549223052665,286.43498826026917,"Blackout (dark=4, prob=1.0)"
7,+/-40% (uniform),0.173025,21.595060000000004,36.739985000000004,0.18060690722388287,1.642239406391271,286.43498826026917,"Blackout (dark=4, prob=1.0)"
7,"+/-40% (edge, balanced)",0.114215,9.430265000000002,24.511239999999997,0.5969824757730953,1.603671865891798,286.43498826026917,"Blackout (dark=4, prob=1.0)"
7,+/-40% (seesaw),0.12283,28.519440000000003,30.777129999999993,0.4690054602941791,1.5657218749180488,286.43498826026917,"Blackout (dark=4, prob=1.0)"
7,+/-60% (uniform),0.131785,15.92793,30.571845000000003,0.41485343511472855,2.0900453304640934,286.43498826026917,"Blackout (dark=4, prob=1.0)"
7,"+/-60% (edge, balanced)",0.080375,5.950235000000001,16.133919999999996,1.3716155246524766,1.9765413714227726,286.43498826026917,"Blackout (dark=4, prob=1.0)"
7,+/-60% (seesaw),0.09179000000000001,18.694360000000003,22.473115,1.0705885664196666,1.9019669760883309,286.43498826026917,"Blackout (dark=4, prob=1.0)"
7,+/-80% (uniform),0.10222,12.881665000000002,22.815244999999997,0.7823081259483046,2.673461816257614,286.43498826026917,"Blackout (dark=4, prob=1.0)"
7,"+/-80% (edge, balanced)",0.06102,4.56592,10.249274999999999,2.5721614208771264,2.41289097556587,286.43498826026917,"Blackout (dark=4, prob=1.0)"
7,+/-80% (seesaw),0.07247,13.339459999999999,16.251225,1.9751710517890975,2.283358440517904,286.43498826026917,"Blackout (dark=4, prob=1.0)"
7,+/-20% (redistribute + edge),0.08993,12.748675,8.63637,1.7697343023875742,2.6333403829623303,286.43498826026917,"Blackout (dark=4, prob=1.0)"
7,+/-40% (redistribute + edge),0.07512000000000002,11.394784999999999,6.7204250000000005,2.1814561812097133,3.1534816907117293,286.43498826026917,"Blackout (dark=4, prob=1.0)"
7,+/-60% (redistribute + edge),0.061185,9.453274999999998,5.13197,2.9237227606565925,3.7018827257300595,286.43498826026917,"Blackout (dark=4, prob=1.0)"
7,+/-80% (redistribute + edge),0.050295,7.66142,3.9736050000000005,4.0979183991217285,4.280910861901655,286.43498826026917,"Blackout (dark=4, prob=1.0)"
7,Blackout (dark=1),0.0789,8.404195,14.530794999999998,1.6326806787453578,1.8985562390301958,286.43498826026917,"Blackout (dark=4, prob=1.0)"
7,"Blackout (dark=3, prob=0.8)",0.038375000000000006,6.9209749999999985,1.86706,9.464858710218921,12.067882024298623,286.43498826026917,"Blackout (dark=4, prob=1.0)"
7,"Blackout (dark=4, prob=1.0)",0.033589999999999995,3.9444849999999994,1.24146,14.655626942546917,20.72459165041701,286.43498826026917,"Blackout (dark=4, prob=1.0)"
6,unphased,0.25383999999999995,64.27556,41.82797000000001,0.0,1.0,283.48084235191345,"Blackout (dark=4, prob=1.0)"
6,+/-20% (uniform),0.216795,45.724675,40.75269,0.03912742168757096,1.2643078744958567,283.48084235191345,"Blackout (dark=4, prob=1.0)"
6,"+/-20% (edge, balanced)",0.1855,28.932145,35.263920000000006,0.15192499723523778,1.3161177863607993,283.48084235191345,"Blackout (dark=4, prob=1.0)"
6,+/-20% (seesaw),0.18382,55.23285500000001,37.73214500000001,0.10205467865397078,1.2812605454357555,283.48084235191345,"Blackout (dark=4, prob=1.0)"
6,+/-40% (uniform),0.16873999999999997,29.358849999999997,35.30303,0.15686465638691452,1.578825686897686,283.48084235191345,"Blackout (dark=4, prob=1.0)"
6,"+/-40% (edge, balanced)",0.11953499999999999,14.03237,23.895414999999996,0.5940148285856617,1.6999678357287507,283.48084235191345,"Blackout (dark=4, prob=1.0)"
6,+/-40% (seesaw),0.124735,32.0698,28.582605,0.43301109810153593,1.6033802654334202,283.48084235191345,"Blackout (dark=4, prob=1.0)"
6,+/-60% (uniform),0.13071,19.711679999999998,28.372425,0.3629554099236096,1.9593624291079896,283.48084235191345,"Blackout (dark=4, prob=1.0)"
6,"+/-60% (edge, balanced)",0.085125,8.205805,15.498540000000002,1.368306258729563,2.175930834840964,283.48084235191345,"Blackout (dark=4, prob=1.0)"
6,+/-60% (seesaw),0.091835,20.368720000000003,21.080154999999998,1.0172086095815662,1.97596004570279,283.48084235191345,"Blackout (dark=4, prob=1.0)"
6,+/-80% (uniform),0.10348500000000001,13.741209999999999,21.573805,0.6802589776523044,2.4291420967833823,283.48084235191345,"Blackout (dark=4, prob=1.0)"
6,"+/-80% (edge, balanced)",0.064985,5.32246,10.0,2.5755634605060185,2.7816842122420167,283.48084235191345,"Blackout (dark=4, prob=1.0)"
6,+/-80% (seesaw),0.071805,14.319139999999999,15.733130000000003,1.9072156141287968,2.411864349559225,283.48084235191345,"Blackout (dark=4, prob=1.0)"
6,+/-20% (redistribute + edge),0.088835,14.11055,8.167155000000001,1.7605558045239709,2.601502834633597,283.48084235191345,"Blackout (dark=4, prob=1.0)"
6,+/-40% (redistribute + edge),0.074305,10.974365,6.378289999999999,2.1816738763559376,3.062009322819212,283.48084235191345,"Blackout (dark=4, prob=1.0)"
6,+/-60% (redistribute + edge),0.06049,8.042335,4.86804,2.941053302520667,3.5786198709280432,283.48084235191345,"Blackout (dark=4, prob=1.0)"
6,+/-80% (redistribute + edge),0.04965,5.959725000000001,3.6950199999999995,4.1440613104973085,4.119149988486684,283.48084235191345,"Blackout (dark=4, prob=1.0)"
6,Blackout (dark=1),0.07897499999999999,5.985404999999999,13.792774999999997,1.6618952213759148,1.7735087571060417,283.48084235191345,"Blackout (dark=4, prob=1.0)"
6,"Blackout (dark=3, prob=0.8)",0.038525,3.974745,1.9892350000000003,8.782269078173357,20.72459165041701,283.48084235191345,"Blackout (dark=4, prob=1.0)"
6,"Blackout (dark=4, prob=1.0)",0.032639999999999995,4.06382,1.2267900000000003,15.114469493337559,12.067882024298623,283.48084235191345,"Blackout (dark=4, prob=1.0)"
