seed,variance_cv,bias_pct,identifiability,cost_pct,edge_cap_pct,max_spike
0,0.17582,21.835935,17.028345,1.6630713476651522,0.0,1.999307719022437
1,0.18266,17.581844999999998,17.28738,1.5590116815959714,0.0,2.022270363463243
2,0.18348499999999995,16.485989999999997,15.718465,1.6605140964407767,0.0,2.087030314854868
3,0.18985499999999997,16.64105,16.700879999999998,1.5423147460111335,0.0,2.19397174964383
4,0.18359999999999999,24.17791,15.933515,1.6384412190728073,0.0,1.9287690993313682
5,0.178095,26.248575,16.187680000000004,1.6443555259908087,0.0,2.0729034475159414
0,0.17497000000000001,20.753790000000002,16.779085,1.6816700105471256,5.0,2.0903344201260663
1,0.184195,18.10025,17.077225000000002,1.566541114543451,5.0,2.123400822591037
2,0.18008000000000002,16.745260000000002,15.50342,1.6620687874258613,5.0,2.1967888030979905
3,0.18571,17.679700000000004,16.42718,1.553905659775596,5.0,2.2988210184307825
4,0.18234,25.080465,15.918870000000002,1.6481759113301095,5.0,2.0316171006976544
5,0.17697000000000002,25.322875000000003,16.300095000000002,1.6542595271129394,5.0,2.1840390713350177
0,0.17034000000000002,19.727960000000003,16.309875,1.7180799363620622,10.0,2.1805892263016795
1,0.18218499999999999,17.945165,16.67157,1.5917164018969217,10.0,2.2245328954262757
2,0.17423000000000002,16.578895,15.263924999999997,1.6814072052837539,10.0,2.3070902629360663
3,0.17765999999999998,18.274140000000003,15.928640000000001,1.5839281241384329,10.0,2.4032297906267455
4,0.17721,25.02559,15.801565,1.6755222299871235,10.0,2.1638918909074443
5,0.17241,23.901104999999998,16.138805,1.6821842246909635,10.0,2.2959422688466247
0,0.16324,19.556594999999998,15.72825,1.7723857515571668,15.0,2.2700819144530637
1,0.17733500000000002,17.53431,16.300100000000004,1.634702390466574,15.0,2.3256665820075835
2,0.16685,16.192970000000003,14.824050000000003,1.718608114031127,15.0,2.4179387334533637
3,0.167085,18.640195,15.361665000000002,1.6324331826818115,15.0,2.507200836358376
4,0.169185,24.369525000000003,15.508294999999999,1.720636741975441,15.0,2.300658084677623
5,0.16493999999999998,22.197210000000002,15.987300000000001,1.7283037498141058,15.0,2.418909299207684
0,0.1552,19.005515000000003,15.087985,1.8447642655945875,20.0,2.361852483100547
1,0.17077,16.836055,15.684264999999996,1.6957547426269068,20.0,2.426801882373587
2,0.15875499999999998,15.438645,14.271745,1.7738363906429921,20.0,2.5293382938952624
3,0.15562,18.709224999999996,14.540569999999999,1.6995689453308132,20.0,2.610736902573791
4,0.15968,23.586965000000003,15.024445,1.7837668950364098,20.0,2.4421483919293245
5,0.15594000000000002,20.589705000000002,15.625615,1.7928858090792417,20.0,2.555845003385775
0,0.14715,18.15072,14.291295,1.9354896417531156,25.0,2.4570298851621084
1,0.16343000000000002,15.903480000000002,15.04888,1.7752258090261517,25.0,2.543543202854522
2,0.15058500000000002,14.477345000000003,13.71456,1.8473477859464353,25.0,2.6412930641686487
3,0.144485,18.445375000000002,13.812325000000001,1.7855857402117405,25.0,2.7138407132844966
4,0.149885,22.47714,14.442820000000001,1.8652569015780682,25.0,2.588611881426497
5,0.14657499999999998,19.31266,15.053765000000002,1.8762982054976733,25.0,2.6962713303793073
