n_channels,years,report_seed,lever,variance_cv,bias_pct,identifiability,cost_pct,max_spike,edits_per_ch_yr,fit_seconds,winner
10,3,0,unphased,0.25185,48.689299999999996,45.39591,0.0,1.0,0.0,354.5250906944275,"Blackout (dark=4, prob=1.0)"
10,3,0,+/-20% (uniform),0.224365,31.953120000000002,43.22580000000001,0.04505109374410716,1.3163386061179823,51.666666666666664,354.5250906944275,"Blackout (dark=4, prob=1.0)"
10,3,0,"+/-20% (edge, balanced)",0.16018499999999997,25.229630000000004,36.197469999999996,0.15399503312639481,1.3244399509442808,40.833333333333336,354.5250906944275,"Blackout (dark=4, prob=1.0)"
10,3,0,+/-20% (seesaw),0.18319999999999997,25.21154,40.28839,0.11861583246006566,1.2670549223052665,51.666666666666664,354.5250906944275,"Blackout (dark=4, prob=1.0)"
10,3,0,+/-40% (uniform),0.17608,18.435100000000002,36.436960000000006,0.17317765693655954,1.7152856517141288,51.666666666666664,354.5250906944275,"Blackout (dark=4, prob=1.0)"
10,3,0,"+/-40% (edge, balanced)",0.10147499999999998,13.434640000000002,23.43108,0.6030091290058092,1.7239538907659229,40.833333333333336,354.5250906944275,"Blackout (dark=4, prob=1.0)"
10,3,0,+/-40% (seesaw),0.12552000000000002,18.798495,31.608024999999998,0.46598899102376046,1.5657218749180488,51.666666666666664,354.5250906944275,"Blackout (dark=4, prob=1.0)"
10,3,0,+/-60% (uniform),0.13570000000000002,13.376335000000001,28.900290000000002,0.3963011829410731,2.2340591426687095,51.666666666666664,354.5250906944275,"Blackout (dark=4, prob=1.0)"
10,3,0,"+/-60% (edge, balanced)",0.07283999999999999,9.65237,15.205284999999998,1.388672463994361,2.2280087716772923,40.833333333333336,354.5250906944275,"Blackout (dark=4, prob=1.0)"
10,3,0,+/-60% (seesaw),0.0934,13.62578,22.976535000000005,1.0656874669688283,1.9019669760883309,51.666666666666664,354.5250906944275,"Blackout (dark=4, prob=1.0)"
10,3,0,+/-80% (uniform),0.10644500000000001,10.04159,21.119255,0.7424444915937187,3.077258243431508,51.666666666666664,354.5250906944275,"Blackout (dark=4, prob=1.0)"
10,3,0,"+/-80% (edge, balanced)",0.056035,7.720089999999999,9.604105,2.6097346543122373,2.8838141569857463,40.833333333333336,354.5250906944275,"Blackout (dark=4, prob=1.0)"
10,3,0,+/-80% (seesaw),0.07353499999999999,9.950444999999998,16.29033,1.9694590299314283,2.283358440517904,51.666666666666664,354.5250906944275,"Blackout (dark=4, prob=1.0)"
10,3,0,+/-20% (redistribute + edge),0.08815,16.788685,7.59042,1.8146507894789992,2.6856908877749976,38.333333333333336,354.5250906944275,"Blackout (dark=4, prob=1.0)"
10,3,0,+/-40% (redistribute + edge),0.07426,12.441469999999999,5.9481850000000005,2.2514727330206035,3.320985700890776,38.333333333333336,354.5250906944275,"Blackout (dark=4, prob=1.0)"
10,3,0,+/-60% (redistribute + edge),0.061305,9.173585,4.61877,3.028066344676088,4.056712754753657,38.333333333333336,354.5250906944275,"Blackout (dark=4, prob=1.0)"
10,3,0,+/-80% (redistribute + edge),0.051005,6.9768550000000005,3.6558949999999997,4.2530356337793105,4.901234256347865,38.333333333333336,354.5250906944275,"Blackout (dark=4, prob=1.0)"
10,3,0,+/-20% (month step),0.13757,23.841729999999995,31.783965000000002,0.3039263039204876,1.2185890110034034,6.566666666666666,354.5250906944275,"Blackout (dark=4, prob=1.0)"
10,3,0,+/-40% (month step),0.07596499999999999,11.196110000000001,17.69796,1.248279606170958,1.444056836523704,6.566666666666666,354.5250906944275,"Blackout (dark=4, prob=1.0)"
10,3,0,+/-60% (month step),0.0512,6.883719999999999,9.15933,2.9605632061385814,1.676733373211888,6.566666666666666,354.5250906944275,"Blackout (dark=4, prob=1.0)"
10,3,0,+/-80% (month step),0.03783,4.683855,4.81428,5.798723980005917,1.9169699554948247,6.566666666666666,354.5250906944275,"Blackout (dark=4, prob=1.0)"
10,3,0,Blackout (dark=1),0.07996,15.50191,14.921795000000003,1.685239724594861,1.6705658211201342,29.933333333333334,354.5250906944275,"Blackout (dark=4, prob=1.0)"
10,3,0,"Blackout (dark=3, prob=0.8)",0.039310000000000005,5.220014999999999,1.9550349999999999,8.329744554194708,10.407184919787214,19.833333333333332,354.5250906944275,"Blackout (dark=4, prob=1.0)"
10,3,0,"Blackout (dark=4, prob=1.0)",0.031305,2.61049,1.261,15.181516953207637,12.067882024298623,20.633333333333333,354.5250906944275,"Blackout (dark=4, prob=1.0)"
10,3,0,+/-50% (month step) [extra],0.06136499999999999,8.61882,12.854350000000002,1.9946248224112828,1.5594725799392513,6.566666666666666,354.5250906944275,"Blackout (dark=4, prob=1.0)"
10,3,1,unphased,0.25234,55.22958,46.793760000000006,0.0,1.0,0.0,362.1087372303009,"Blackout (dark=4, prob=1.0)"
10,3,1,+/-20% (uniform),0.21646,40.372985,44.45747999999999,0.043640114069428,1.2895222207958537,51.666666666666664,362.1087372303009,"Blackout (dark=4, prob=1.0)"
10,3,1,"+/-20% (edge, balanced)",0.17110499999999998,29.630219999999998,36.11437,0.15728136622981267,1.29513832906116,40.6,362.1087372303009,"Blackout (dark=4, prob=1.0)"
10,3,1,+/-20% (seesaw),0.19147,21.247205,39.26686500000001,0.1199470859583608,1.2668111153162864,51.666666666666664,362.1087372303009,"Blackout (dark=4, prob=1.0)"
10,3,1,+/-40% (uniform),0.1669,24.771015,37.864135,0.16695700797123014,1.636751273706549,51.666666666666664,362.1087372303009,"Blackout (dark=4, prob=1.0)"
10,3,1,"+/-40% (edge, balanced)",0.11104999999999998,13.526965,23.005869999999998,0.609766611266358,1.6411046815886812,40.6,362.1087372303009,"Blackout (dark=4, prob=1.0)"
10,3,1,+/-40% (seesaw),0.128025,12.193425000000001,31.099700000000002,0.4676939828690328,1.565083796191502,51.666666666666664,362.1087372303009,"Blackout (dark=4, prob=1.0)"
10,3,1,+/-60% (uniform),0.12886999999999998,17.254524999999997,29.042035,0.38310018554194053,2.0711294277999928,51.666666666666664,362.1087372303009,"Blackout (dark=4, prob=1.0)"
10,3,1,"+/-60% (edge, balanced)",0.07929,7.465065,14.960905,1.3965350897413495,2.052266438294231,40.6,362.1087372303009,"Blackout (dark=4, prob=1.0)"
10,3,1,+/-60% (seesaw),0.09272,8.662915,24.0567,1.0653805198033357,1.900731469400763,51.666666666666664,362.1087372303009,"Blackout (dark=4, prob=1.0)"
10,3,1,+/-80% (uniform),0.10192000000000001,13.55104,21.089930000000003,0.7233268293366186,2.625606484297248,51.666666666666664,362.1087372303009,"Blackout (dark=4, prob=1.0)"
10,3,1,"+/-80% (edge, balanced)",0.060665000000000004,4.991244999999999,9.52102,2.6117457968907054,2.548969160483905,40.6,362.1087372303009,"Blackout (dark=4, prob=1.0)"
10,3,1,+/-80% (seesaw),0.07169999999999999,7.36606,17.170090000000002,1.9623772461571771,2.2812485773986717,51.666666666666664,362.1087372303009,"Blackout (dark=4, prob=1.0)"
10,3,1,+/-20% (redistribute + edge),0.09170500000000001,12.079345,7.839685,1.7900721104393236,2.9315287129908074,39.03333333333333,362.1087372303009,"Blackout (dark=4, prob=1.0)"
10,3,1,+/-40% (redistribute + edge),0.07678,11.118115,6.256115,2.2226137470036877,3.668539785061677,39.03333333333333,362.1087372303009,"Blackout (dark=4, prob=1.0)"
10,3,1,+/-60% (redistribute + edge),0.06323,9.317435,4.838705,2.9798946501357637,4.521003655607223,39.03333333333333,362.1087372303009,"Blackout (dark=4, prob=1.0)"
10,3,1,+/-80% (redistribute + edge),0.052590000000000005,8.109595,3.70479,4.161276192608411,5.518354262728905,39.03333333333333,362.1087372303009,"Blackout (dark=4, prob=1.0)"
10,3,1,+/-20% (month step),0.13649,19.80755,31.392965000000004,0.29891799925763707,1.2272748221400775,6.633333333333333,362.1087372303009,"Blackout (dark=4, prob=1.0)"
10,3,1,+/-40% (month step),0.076,8.6232,16.935485,1.255849606902432,1.4651213970962775,6.633333333333333,362.1087372303009,"Blackout (dark=4, prob=1.0)"
10,3,1,+/-60% (month step),0.05144,5.373495,8.885625,3.014979109276241,1.7142949108345238,6.633333333333333,362.1087372303009,"Blackout (dark=4, prob=1.0)"
10,3,1,+/-80% (month step),0.03801,3.9770049999999997,4.687185,5.967661237735772,1.9756242320737125,6.633333333333333,362.1087372303009,"Blackout (dark=4, prob=1.0)"
10,3,1,Blackout (dark=1),0.07424499999999999,11.971795,14.750740000000002,1.5840121995931342,1.7735087571060417,30.266666666666666,362.1087372303009,"Blackout (dark=4, prob=1.0)"
10,3,1,"Blackout (dark=3, prob=0.8)",0.037275,3.07335,2.0234750000000004,9.229928534376034,12.067882024298623,20.966666666666665,362.1087372303009,"Blackout (dark=4, prob=1.0)"
10,3,1,"Blackout (dark=4, prob=1.0)",0.03186,2.9403249999999996,1.236555,14.902691906509444,8.957110846515123,20.833333333333332,362.1087372303009,"Blackout (dark=4, prob=1.0)"
10,3,1,+/-50% (month step) [extra],0.06155499999999999,6.639329999999999,12.184745,2.0198976818265573,1.5882423108549928,6.633333333333333,362.1087372303009,"Blackout (dark=4, prob=1.0)"
10,3,2,unphased,0.25242,46.053419999999996,45.571839999999995,0.0,1.0,0.0,364.3575396537781,"Blackout (dark=4, prob=1.0)"
10,3,2,+/-20% (uniform),0.221595,29.300464999999996,42.97653999999999,0.04485745082874773,1.3022218439488897,51.666666666666664,364.3575396537781,"Blackout (dark=4, prob=1.0)"
10,3,2,"+/-20% (edge, balanced)",0.17356,17.30304,36.720425,0.1371341842227619,1.338670226764201,41.4,364.3575396537781,"Blackout (dark=4, prob=1.0)"
10,3,2,+/-20% (seesaw),0.19650499999999999,28.595605,38.32843000000001,0.110046497169496,1.2670549223052665,51.666666666666664,364.3575396537781,"Blackout (dark=4, prob=1.0)"
10,3,2,+/-40% (uniform),0.17185999999999998,19.96032,34.71163,0.1778437884791094,1.6610721918395255,51.666666666666664,364.3575396537781,"Blackout (dark=4, prob=1.0)"
10,3,2,"+/-40% (edge, balanced)",0.11113500000000001,9.635155000000001,23.802555,0.5675998343523649,1.7658397651052216,41.4,364.3575396537781,"Blackout (dark=4, prob=1.0)"
10,3,2,+/-40% (seesaw),0.13012500000000002,16.567905000000003,29.67742500000001,0.45225007755286567,1.5657218749180488,51.666666666666664,364.3575396537781,"Blackout (dark=4, prob=1.0)"
10,3,2,+/-60% (uniform),0.13101000000000002,17.18347,26.974595,0.41221383297940967,2.147869455692854,51.666666666666664,364.3575396537781,"Blackout (dark=4, prob=1.0)"
10,3,2,"+/-60% (edge, balanced)",0.079015,7.81829,15.117295000000002,1.3327658988614133,2.321411371088712,41.4,364.3575396537781,"Blackout (dark=4, prob=1.0)"
10,3,2,+/-60% (seesaw),0.09341000000000002,11.07398,22.570865,1.0533546939883744,1.9019669760883309,51.666666666666664,364.3575396537781,"Blackout (dark=4, prob=1.0)"
10,3,2,+/-80% (uniform),0.10230000000000002,14.433360000000002,20.562075,0.7784985139868796,2.867931955088343,51.666666666666664,364.3575396537781,"Blackout (dark=4, prob=1.0)"
10,3,2,"+/-80% (edge, balanced)",0.060485,6.709790000000001,9.511235,2.5309576507745075,3.073519431457157,41.4,364.3575396537781,"Blackout (dark=4, prob=1.0)"
10,3,2,+/-80% (seesaw),0.07182000000000001,7.985335000000001,15.982409999999998,1.9710736504401336,2.283358440517904,51.666666666666664,364.3575396537781,"Blackout (dark=4, prob=1.0)"
10,3,2,+/-20% (redistribute + edge),0.08131999999999999,13.954735,8.57771,1.8022463759932217,2.8606172598374657,38.4,364.3575396537781,"Blackout (dark=4, prob=1.0)"
10,3,2,+/-40% (redistribute + edge),0.07221999999999999,13.034625,6.920814999999999,2.227780954193903,3.3933128669676793,38.4,364.3575396537781,"Blackout (dark=4, prob=1.0)"
10,3,2,+/-60% (redistribute + edge),0.062204999999999996,10.852789999999999,5.38612,2.9936869512479483,3.9441659782643383,38.4,364.3575396537781,"Blackout (dark=4, prob=1.0)"
10,3,2,+/-80% (redistribute + edge),0.05312,8.745770000000002,4.149559999999999,4.204385463493916,4.646355132308185,38.4,364.3575396537781,"Blackout (dark=4, prob=1.0)"
10,3,2,+/-20% (month step),0.12959,17.072699999999998,30.474090000000007,0.33353949110706493,1.2162299191014136,6.6000000000000005,364.3575396537781,"Blackout (dark=4, prob=1.0)"
10,3,2,+/-40% (month step),0.072205,9.422375,16.407619999999998,1.3050477842924968,1.4383890201460938,6.6000000000000005,364.3575396537781,"Blackout (dark=4, prob=1.0)"
10,3,2,+/-60% (month step),0.049104999999999996,6.891630000000001,8.665690000000001,3.0446856267668947,1.6667245669449786,6.6000000000000005,364.3575396537781,"Blackout (dark=4, prob=1.0)"
10,3,2,+/-80% (month step),0.03647,5.3693349999999995,4.643205,5.913167697710588,1.9014977659336774,6.6000000000000005,364.3575396537781,"Blackout (dark=4, prob=1.0)"
10,3,2,Blackout (dark=1),0.07231000000000001,12.532580000000001,14.28152,1.5896224578103042,1.8985562390301958,29.3,364.3575396537781,"Blackout (dark=4, prob=1.0)"
10,3,2,"Blackout (dark=3, prob=0.8)",0.036504999999999996,5.936945,1.852395,9.591781583599838,20.72459165041701,20.433333333333334,364.3575396537781,"Blackout (dark=4, prob=1.0)"
10,3,2,"Blackout (dark=4, prob=1.0)",0.031470000000000005,3.5042500000000003,1.246345,15.069873895859978,12.067882024298623,20.666666666666668,364.3575396537781,"Blackout (dark=4, prob=1.0)"
10,3,2,+/-50% (month step) [extra],0.05861999999999999,7.9195699999999984,11.930600000000002,2.0648748908288197,1.551768750482305,6.6000000000000005,364.3575396537781,"Blackout (dark=4, prob=1.0)"
10,3,3,unphased,0.25251,46.05109,43.910070000000005,0.0,1.0,0.0,353.5211238861084,"Blackout (dark=4, prob=1.0)"
10,3,3,+/-20% (uniform),0.21886999999999998,35.852365,41.27078,0.044714803689038136,1.2966451100147705,51.666666666666664,353.5211238861084,"Blackout (dark=4, prob=1.0)"
10,3,3,"+/-20% (edge, balanced)",0.17923000000000003,22.067885,34.868035000000006,0.13003738027388545,1.3112541614623363,40.86666666666667,353.5211238861084,"Blackout (dark=4, prob=1.0)"
10,3,3,+/-20% (seesaw),0.196815,31.153279999999995,37.9521,0.11204241281927282,1.2668111153162864,51.666666666666664,353.5211238861084,"Blackout (dark=4, prob=1.0)"
10,3,3,+/-40% (uniform),0.168075,19.827624999999998,33.836755,0.1743928742683473,1.6690765725290289,51.666666666666664,353.5211238861084,"Blackout (dark=4, prob=1.0)"
10,3,3,"+/-40% (edge, balanced)",0.11431499999999999,9.764795,22.487769999999998,0.5567177667015079,1.6861197178148981,40.86666666666667,353.5211238861084,"Blackout (dark=4, prob=1.0)"
10,3,3,+/-40% (seesaw),0.13316,17.991755,29.22776,0.4540768252408645,1.565083796191502,51.666666666666664,353.5211238861084,"Blackout (dark=4, prob=1.0)"
10,3,3,+/-60% (uniform),0.129135,11.644485,26.412509999999997,0.40290533112467614,2.1821155229686644,51.666666666666664,353.5211238861084,"Blackout (dark=4, prob=1.0)"
10,3,3,"+/-60% (edge, balanced)",0.080955,6.061315,14.105574999999998,1.3237729372278924,2.146316646518169,40.86666666666667,353.5211238861084,"Blackout (dark=4, prob=1.0)"
10,3,3,+/-60% (seesaw),0.098095,11.762525,21.402739999999998,1.0505784503992655,1.900731469400763,51.666666666666664,353.5211238861084,"Blackout (dark=4, prob=1.0)"
10,3,3,+/-80% (uniform),0.10164500000000001,8.470964999999998,20.029320000000002,0.7616592347616458,2.995734063348385,51.666666666666664,353.5211238861084,"Blackout (dark=4, prob=1.0)"
10,3,3,"+/-80% (edge, balanced)",0.061870000000000015,4.569805000000001,9.105575,2.5337465008180082,2.724723240555996,40.86666666666667,353.5211238861084,"Blackout (dark=4, prob=1.0)"
10,3,3,+/-80% (seesaw),0.07687499999999999,8.52036,15.620719999999997,1.954708147389329,2.2812485773986717,51.666666666666664,353.5211238861084,"Blackout (dark=4, prob=1.0)"
10,3,3,+/-20% (redistribute + edge),0.083145,8.759229999999999,8.680355,1.7328002836125451,2.6421383464809223,39.1,353.5211238861084,"Blackout (dark=4, prob=1.0)"
10,3,3,+/-40% (redistribute + edge),0.072375,7.461379999999998,6.88661,2.154437461663583,3.1583579945605713,39.1,353.5211238861084,"Blackout (dark=4, prob=1.0)"
10,3,3,+/-60% (redistribute + edge),0.061644999999999985,6.35641,5.29326,2.9000766120066626,3.763002718045316,39.1,353.5211238861084,"Blackout (dark=4, prob=1.0)"
10,3,3,+/-80% (redistribute + edge),0.052205,5.287609999999999,4.03714,4.064966432994253,4.421339832756002,39.1,353.5211238861084,"Blackout (dark=4, prob=1.0)"
10,3,3,+/-20% (month step),0.127275,10.646809999999999,30.23462,0.3320258415037841,1.225376622994662,6.933333333333334,353.5211238861084,"Blackout (dark=4, prob=1.0)"
10,3,3,+/-40% (month step),0.07135,7.136739999999999,16.280545,1.3057355598416847,1.4604913419705678,6.933333333333334,353.5211238861084,"Blackout (dark=4, prob=1.0)"
10,3,3,+/-60% (month step),0.0486,5.6451899999999995,8.45063,3.0530336856371685,1.7059892402996035,6.933333333333334,353.5211238861084,"Blackout (dark=4, prob=1.0)"
10,3,3,+/-80% (month step),0.03615,4.5534550000000005,4.447699999999999,5.938358174230002,1.9625736644467882,6.933333333333334,353.5211238861084,"Blackout (dark=4, prob=1.0)"
10,3,3,Blackout (dark=1),0.07434500000000002,5.759384999999999,14.022480000000002,1.6324942903563848,1.7735087571060417,29.599999999999998,353.5211238861084,"Blackout (dark=4, prob=1.0)"
10,3,3,"Blackout (dark=3, prob=0.8)",0.036715000000000005,2.4237150000000005,1.9550450000000001,9.527491270340652,12.067882024298623,21.633333333333336,353.5211238861084,"Blackout (dark=4, prob=1.0)"
10,3,3,"Blackout (dark=4, prob=1.0)",0.030919999999999996,4.0168349999999995,1.2170200000000002,14.968545154013357,20.72459165041701,20.900000000000002,353.5211238861084,"Blackout (dark=4, prob=1.0)"
10,3,3,+/-50% (month step) [extra],0.057995,6.2952,11.510269999999998,2.0685555614448314,1.581899874661565,6.933333333333334,353.5211238861084,"Blackout (dark=4, prob=1.0)"
