seed,variance_cv,bias_pct,identifiability,cost_pct,frequency,cap_pct,H,max_spike
0,0.16005999999999998,23.049045,16.456495,1.7417386589114265,1.0,15.0,225.0,2.2844844648562628
1,0.16358999999999999,10.457620000000002,16.700889999999998,1.7062223230428262,1.0,15.0,225.0,2.3115545286672035
2,0.16032999999999997,19.976595,15.283475000000001,1.7441644868960045,1.0,15.0,225.0,2.367520717674035
3,0.16798000000000002,19.799114999999997,16.080154999999998,1.6264286792067915,1.0,15.0,225.0,2.5036039761823354
4,0.17270999999999997,25.207659999999997,15.180849999999998,1.7433640362596956,1.0,15.0,225.0,2.2294126313649834
5,0.17211,22.786755,15.185725,1.7189093745564508,1.0,15.0,225.0,2.418909299207684
6,0.16355999999999998,21.062700000000003,18.48974,1.6301555688373481,1.0,15.0,225.0,2.31670161917669
7,0.16716499999999998,28.888284999999996,17.70283,1.674299526640665,1.0,15.0,225.0,2.3705847638909145
0,0.16707,24.250099999999996,15.703814999999997,1.6882551816999176,0.75,17.3,224.46750000000003,2.345824808193806
1,0.178925,15.25557,16.4174,1.6582558738269877,0.75,17.3,224.46750000000003,2.3638014467082846
2,0.179365,14.232514999999998,15.38613,1.7274438063610862,0.75,17.3,224.46750000000003,2.503844538639024
3,0.17798000000000003,16.859385,15.884645,1.5857901969328843,0.75,17.3,224.46750000000003,2.563138920613021
4,0.16985,21.5614,15.200394999999997,1.7276136979572105,0.75,17.3,224.46750000000003,2.26566907800628
5,0.16447,23.391125,15.083085,1.7365304897345473,0.75,17.3,224.46750000000003,2.4440993492041336
6,0.16691999999999999,16.02854,17.184745,1.6185889390730661,0.75,17.3,224.46750000000003,2.3632943734121468
7,0.17366499999999999,26.5315,16.91105,1.6708537252173794,0.75,17.3,224.46750000000003,2.4031530037454454
0,0.16133,24.221304999999997,16.573805,1.7256533502183158,0.5,21.2,224.72,2.42396737433014
1,0.17570999999999998,14.397559999999999,16.19745,1.6218101001619807,0.5,21.2,224.72,2.4732278154781495
2,0.17626,13.149185,14.87781,1.738679298206925,0.5,21.2,224.72,2.600444567938705
3,0.17477499999999999,17.634220000000003,15.11241,1.6262853400572583,0.5,21.2,224.72,2.6328550633691616
4,0.16723499999999997,23.845239999999997,14.58944,1.735179048831476,0.5,21.2,224.72,2.4107912958613333
5,0.165615,20.367625,15.610950000000003,1.7203140061444153,0.5,21.2,224.72,2.541135925640511
6,0.1654,18.22778,17.233635,1.6660223045655582,0.5,21.2,224.72,2.478068551595191
7,0.174255,27.505685,15.694040000000001,1.6483264401209305,0.5,21.2,224.72,2.4664931354265662
0,0.17582,21.835935,17.028345,1.6630713476651522,0.25,30.0,225.0,1.999307719022437
1,0.18266,17.581844999999998,17.28738,1.5590116815959714,0.25,30.0,225.0,2.022270363463243
2,0.18348499999999995,16.485989999999997,15.718465,1.6605140964407767,0.25,30.0,225.0,2.087030314854868
3,0.18985499999999997,16.64105,16.700879999999998,1.5423147460111335,0.25,30.0,225.0,2.19397174964383
4,0.18359999999999999,24.17791,15.933515,1.6384412190728073,0.25,30.0,225.0,1.9287690993313682
5,0.178095,26.248575,16.187680000000004,1.6443555259908087,0.25,30.0,225.0,2.0729034475159414
6,0.170755,20.618955000000003,18.377325,1.5567670160770632,0.25,30.0,225.0,2.017796988328928
7,0.179915,31.943785,17.443795,1.6050396604560528,0.25,30.0,225.0,2.052271585689186
0,0.17582,21.835935,17.028345,1.6630713476651522,0.125,42.4,224.72,1.999307719022437
1,0.18266,17.581844999999998,17.28738,1.5590116815959714,0.125,42.4,224.72,2.022270363463243
2,0.18348499999999995,16.485989999999997,15.718465,1.6605140964407767,0.125,42.4,224.72,2.087030314854868
3,0.18985499999999997,16.64105,16.700879999999998,1.5423147460111335,0.125,42.4,224.72,2.19397174964383
4,0.18359999999999999,24.17791,15.933515,1.6384412190728073,0.125,42.4,224.72,1.9287690993313682
5,0.178095,26.248575,16.187680000000004,1.6443555259908087,0.125,42.4,224.72,2.0729034475159414
6,0.170755,20.618955000000003,18.377325,1.5567670160770632,0.125,42.4,224.72,2.017796988328928
7,0.179915,31.943785,17.443795,1.6050396604560528,0.125,42.4,224.72,2.052271585689186
