mode,n_channels,years,hist_start,seed,lever,variance_cv,bias_pct,identifiability,cost_pct,max_spike
robust,10,3,2023-01-23,0,unphased,0.25185,48.689299999999996,45.39591,0.0,1.0
robust,10,3,2023-01-23,0,winner,0.09566,9.67205,8.83188,1.715503020527795,2.6173970228909553
robust,10,3,2023-01-23,0,ms_40,0.07739000000000001,11.843315,17.130989999999997,1.2223707129519124,1.4510802500204731
robust,10,3,2023-01-23,0,ms_60,0.05258499999999999,6.863029999999999,9.193545,2.9146364928888833,1.6891932913283827
robust,10,3,2023-01-23,1,unphased,0.25234,55.22958,46.793760000000006,0.0,1.0
robust,10,3,2023-01-23,1,winner,0.09176999999999999,11.245560000000001,9.1349,1.7161315453920114,2.643357448721481
robust,10,3,2023-01-23,1,ms_40,0.07964500000000001,8.3059,17.22385,1.2019501617827837,1.4793203836494329
robust,10,3,2023-01-23,1,ms_60,0.05395,5.194084999999999,8.87586,2.9074522022298432,1.7399421818097014
robust,10,3,2023-01-23,2,unphased,0.25242,46.053419999999996,45.571839999999995,0.0,1.0
robust,10,3,2023-01-23,2,winner,0.096205,17.561095,9.213110000000002,1.7597735600330386,2.593300418622344
robust,10,3,2023-01-23,2,ms_40,0.07970000000000001,8.304224999999999,16.930605,1.2522066197934631,1.4539539256265166
robust,10,3,2023-01-23,2,ms_60,0.053864999999999996,5.1627350000000005,9.403715,2.9590322220208605,1.6943097224129302
robust,10,3,2023-01-23,3,unphased,0.25251,46.05109,43.910070000000005,0.0,1.0
robust,10,3,2023-01-23,3,winner,0.09837000000000001,8.819025,9.02738,1.7302288652928093,2.706190120057837
robust,10,3,2023-01-23,3,ms_40,0.07441,7.04574,17.062565,1.2104135788026378,1.4566690132745148
robust,10,3,2023-01-23,3,ms_60,0.05059,4.221814999999999,9.34507,2.888690413922774,1.6991536438854407
