plan_seed,report_seed,lever,n_months,variance_cv,bias_pct,identifiability,cost_pct,max_spike,years,n_channels
y1,0,Unphased,12,0.40176,50.782599999999995,47.331399999999995,0.0,1.0,1,5
y1,0,roundrobin_plus_edge_layer,12,0.16416,11.768019999999998,11.818180000000002,1.9083822060589377,2.406576134163156,1,5
y1,1,Unphased,12,0.40680000000000005,67.02786,46.39296,0.0,1.0,1,5
y1,1,roundrobin_plus_edge_layer,12,0.15509,10.819750000000003,13.77322,1.734543712287302,2.3342174985540716,1,5
y1,2,Unphased,12,0.3922,62.07306,45.434999999999995,0.0,1.0,1,5
y1,2,roundrobin_plus_edge_layer,12,0.15681,9.72426,14.54546,1.6794577812227935,2.355367228340117,1,5
y1,3,Unphased,12,0.40191999999999994,67.1231,42.63928000000001,0.0,1.0,1,5
y1,3,roundrobin_plus_edge_layer,12,0.18031000000000003,7.527150000000001,12.7957,1.6877462253703128,2.646557857765227,1,5
y1,4,Unphased,12,0.38258,77.02699999999999,44.41836000000001,0.0,1.0,1,5
y1,4,roundrobin_plus_edge_layer,12,0.16054999999999997,8.806740000000001,11.33921,1.7204338037412732,2.3479291488523257,1,5
y1,5,Unphased,12,0.38226,50.589780000000005,41.58358,0.0,1.0,1,5
y1,5,roundrobin_plus_edge_layer,12,0.13479999999999998,7.641839999999999,12.21897,1.705930194320605,2.3641157817513605,1,5
y1,6,Unphased,12,0.40085999999999994,79.03720000000001,41.270779999999995,0.0,1.0,1,5
y1,6,roundrobin_plus_edge_layer,12,0.13335,17.95856,13.616830000000002,1.774577910215743,2.5091660225820376,1,5
y1,7,Unphased,12,0.40358,77.8002,40.410560000000004,0.0,1.0,1,5
y1,7,roundrobin_plus_edge_layer,12,0.15266,19.963839999999998,13.949179999999998,1.6288585979472994,2.676723340622931,1,5
y3,0,Unphased,36,0.26788,17.331619999999997,45.904219999999995,0.0,1.0,3,5
y3,0,roundrobin_plus_edge_layer,36,0.0848,3.7467299999999994,9.33528,1.746355539604489,2.406576134163156,3,5
y3,1,Unphased,36,0.27104,29.443379999999998,47.87878,0.0,1.0,3,5
y3,1,roundrobin_plus_edge_layer,36,0.09018000000000001,4.32331,9.765419999999999,1.701135441927119,2.669395160573549,3,5
y3,2,Unphased,36,0.2738,11.9282,46.41254,0.0,1.0,3,5
y3,2,roundrobin_plus_edge_layer,36,0.08847000000000001,3.2185900000000003,10.10753,1.7134051409742077,2.5268443436749255,3,5
y3,3,Unphased,36,0.26874,20.02156,45.88464,0.0,1.0,3,5
y3,3,roundrobin_plus_edge_layer,36,0.08742000000000001,5.40154,9.970679999999998,1.6142546315601924,2.646557857765227,3,5
y3,4,Unphased,36,0.26886,17.14336,44.63342,0.0,1.0,3,5
y3,4,roundrobin_plus_edge_layer,36,0.08847999999999999,8.18878,9.95113,1.6972273529103492,2.4298460474432177,3,5
y3,5,Unphased,36,0.26554,11.5283,40.60606,0.0,1.0,3,5
y3,5,roundrobin_plus_edge_layer,36,0.08821,3.44219,9.23754,1.705846963367915,2.5229023017636996,3,5
y3,6,Unphased,36,0.27376,32.74453999999999,45.0831,0.0,1.0,3,5
y3,6,roundrobin_plus_edge_layer,36,0.07953000000000002,7.649039999999999,9.384170000000001,1.7320214609853641,2.556466026166758,3,5
y3,7,Unphased,36,0.27514,16.70762,44.16424000000001,0.0,1.0,3,5
y3,7,roundrobin_plus_edge_layer,36,0.07943999999999998,6.384499999999998,9.511239999999999,1.6499102803240617,2.6838955187913354,3,5
