plan_seed,report_seed,lever,n_months,variance_cv,bias_pct,identifiability,cost_pct,max_spike,n_channels
n10,0,Unphased,13,0.30483000000000005,58.02347999999999,40.40078999999999,0.0,1.0,10
n10,0,roundrobin_plus_edge_layer,13,0.13988,37.684085,16.295205000000003,1.2755202241814334,2.4283512352130168,10
n10,1,Unphased,13,0.30169999999999997,80.72493999999999,42.48288,0.0,1.0,10
n10,1,roundrobin_plus_edge_layer,13,0.15985000000000002,32.1007,18.641245,1.320888222289782,2.323976653562669,10
n10,2,Unphased,13,0.30300000000000005,77.19933999999998,42.93256,0.0,1.0,10
n10,2,roundrobin_plus_edge_layer,13,0.16114,21.882515,19.82893,1.1272525118311356,2.4099885323779153,10
n10,3,Unphased,13,0.29753999999999997,73.80475,43.14761,0.0,1.0,10
n10,3,roundrobin_plus_edge_layer,13,0.14783,13.5043,17.78592,1.135536406269054,2.4502244760816287,10
n20,0,Unphased,13,0.31976499999999997,98.037905,44.84360500000001,0.0,1.0,20
n20,0,roundrobin_plus_edge_layer,13,0.19124,71.851865,19.973122499999995,1.2147699065872892,2.411401922736643,20
n20,1,Unphased,13,0.31638499999999997,121.88641,49.22776,0.0,1.0,20
n20,1,roundrobin_plus_edge_layer,13,0.2012225,68.780805,21.070377500000003,1.2777502261467917,2.430023136645822,20
n20,2,Unphased,13,0.31377499999999997,99.54459,48.514185000000005,0.0,1.0,20
n20,2,roundrobin_plus_edge_layer,13,0.2052325,69.5713375,21.544472499999998,1.1007090308816014,2.4576517334136145,20
n20,3,Unphased,13,0.311765,95.53438,48.34799,0.0,1.0,20
n20,3,roundrobin_plus_edge_layer,13,0.19823749999999998,64.739495,19.171557500000002,1.1668059620577214,2.520786078791281,20
