plan_seed,report_seed,lever,n_months,variance_cv,bias_pct,identifiability,cost_pct,max_spike,plan_len,mrw,month_lengths
2023-01-02,0,Unphased,13,0.30483000000000005,58.02347999999999,40.40078999999999,0.0,1.0,52,2,"[1, 4, 4, 5, 4, 4, 5, 4, 4, 5, 4, 4, 4]"
2023-01-02,0,roundrobin_plus_edge_layer,13,0.16324,19.556594999999998,15.72825,1.7723857515571668,2.2700819144530637,52,2,"[1, 4, 4, 5, 4, 4, 5, 4, 4, 5, 4, 4, 4]"
2023-01-02,1,Unphased,13,0.30169999999999997,80.72493999999999,42.48288,0.0,1.0,52,2,"[1, 4, 4, 5, 4, 4, 5, 4, 4, 5, 4, 4, 4]"
2023-01-02,1,roundrobin_plus_edge_layer,13,0.17733500000000002,17.53431,16.300100000000004,1.634702390466574,2.3256665820075835,52,2,"[1, 4, 4, 5, 4, 4, 5, 4, 4, 5, 4, 4, 4]"
2023-01-02,2,Unphased,13,0.30300000000000005,77.19933999999998,42.93256,0.0,1.0,52,2,"[1, 4, 4, 5, 4, 4, 5, 4, 4, 5, 4, 4, 4]"
2023-01-02,2,roundrobin_plus_edge_layer,13,0.16685,16.192970000000003,14.824050000000003,1.718608114031127,2.4179387334533637,52,2,"[1, 4, 4, 5, 4, 4, 5, 4, 4, 5, 4, 4, 4]"
2023-01-02,0,Unphased,13,0.30483000000000005,58.02347999999999,40.40078999999999,0.0,1.0,52,4,"[1, 4, 4, 5, 4, 4, 5, 4, 4, 5, 4, 4, 4]"
2023-01-02,0,roundrobin_plus_edge_layer,13,0.16324,19.556594999999998,15.72825,1.7723857515571668,2.2700819144530637,52,4,"[1, 4, 4, 5, 4, 4, 5, 4, 4, 5, 4, 4, 4]"
2023-01-02,1,Unphased,13,0.30169999999999997,80.72493999999999,42.48288,0.0,1.0,52,4,"[1, 4, 4, 5, 4, 4, 5, 4, 4, 5, 4, 4, 4]"
2023-01-02,1,roundrobin_plus_edge_layer,13,0.17733500000000002,17.53431,16.300100000000004,1.634702390466574,2.3256665820075835,52,4,"[1, 4, 4, 5, 4, 4, 5, 4, 4, 5, 4, 4, 4]"
2023-01-02,2,Unphased,13,0.30300000000000005,77.19933999999998,42.93256,0.0,1.0,52,4,"[1, 4, 4, 5, 4, 4, 5, 4, 4, 5, 4, 4, 4]"
2023-01-02,2,roundrobin_plus_edge_layer,13,0.16685,16.192970000000003,14.824050000000003,1.718608114031127,2.4179387334533637,52,4,"[1, 4, 4, 5, 4, 4, 5, 4, 4, 5, 4, 4, 4]"
2023-01-02,0,Unphased,12,0.33663,48.35588,38.02542,0.0,1.0,48,2,"[1, 4, 4, 5, 4, 4, 5, 4, 4, 5, 4, 4]"
2023-01-02,0,roundrobin_plus_edge_layer,12,0.179095,22.829515000000004,16.964795000000002,1.9348874639015627,2.3843356745553494,48,2,"[1, 4, 4, 5, 4, 4, 5, 4, 4, 5, 4, 4]"
2023-01-02,1,Unphased,12,0.3384400000000001,45.250429999999994,40.69404,0.0,1.0,48,2,"[1, 4, 4, 5, 4, 4, 5, 4, 4, 5, 4, 4]"
2023-01-02,1,roundrobin_plus_edge_layer,12,0.200065,19.306775,17.419355000000003,1.7799688957829372,2.4974455136491316,48,2,"[1, 4, 4, 5, 4, 4, 5, 4, 4, 5, 4, 4]"
2023-01-02,2,Unphased,12,0.33143,40.37826,42.29718,0.0,1.0,48,2,"[1, 4, 4, 5, 4, 4, 5, 4, 4, 5, 4, 4]"
2023-01-02,2,roundrobin_plus_edge_layer,12,0.18153999999999998,24.26775,15.175954999999998,1.7864197763300087,2.337085402925049,48,2,"[1, 4, 4, 5, 4, 4, 5, 4, 4, 5, 4, 4]"
2023-01-02,0,Unphased,12,0.33663,48.35588,38.02542,0.0,1.0,48,4,"[1, 4, 4, 5, 4, 4, 5, 4, 4, 5, 4, 4]"
2023-01-02,0,roundrobin_plus_edge_layer,12,0.179095,22.829515000000004,16.964795000000002,1.9348874639015627,2.3843356745553494,48,4,"[1, 4, 4, 5, 4, 4, 5, 4, 4, 5, 4, 4]"
2023-01-02,1,Unphased,12,0.3384400000000001,45.250429999999994,40.69404,0.0,1.0,48,4,"[1, 4, 4, 5, 4, 4, 5, 4, 4, 5, 4, 4]"
2023-01-02,1,roundrobin_plus_edge_layer,12,0.200065,19.306775,17.419355000000003,1.7799688957829372,2.4974455136491316,48,4,"[1, 4, 4, 5, 4, 4, 5, 4, 4, 5, 4, 4]"
2023-01-02,2,Unphased,12,0.33143,40.37826,42.29718,0.0,1.0,48,4,"[1, 4, 4, 5, 4, 4, 5, 4, 4, 5, 4, 4]"
2023-01-02,2,roundrobin_plus_edge_layer,12,0.18153999999999998,24.26775,15.175954999999998,1.7864197763300087,2.337085402925049,48,4,"[1, 4, 4, 5, 4, 4, 5, 4, 4, 5, 4, 4]"
2023-01-02,0,Unphased,14,0.3301,49.966930000000005,42.12121,0.0,1.0,56,2,"[1, 4, 4, 5, 4, 4, 5, 4, 4, 5, 4, 4, 5, 3]"
2023-01-02,0,roundrobin_plus_edge_layer,14,0.18079,34.71221,15.415450000000002,1.7226363195345353,2.645139431860961,56,2,"[1, 4, 4, 5, 4, 4, 5, 4, 4, 5, 4, 4, 5, 3]"
2023-01-02,1,Unphased,14,0.32687999999999995,46.76684,44.47704,0.0,1.0,56,2,"[1, 4, 4, 5, 4, 4, 5, 4, 4, 5, 4, 4, 5, 3]"
2023-01-02,1,roundrobin_plus_edge_layer,14,0.17952,9.212659999999998,16.25611,1.5154636079225297,2.5413964985024626,56,2,"[1, 4, 4, 5, 4, 4, 5, 4, 4, 5, 4, 4, 5, 3]"
2023-01-02,2,Unphased,14,0.32672,60.93486,44.86803,0.0,1.0,56,2,"[1, 4, 4, 5, 4, 4, 5, 4, 4, 5, 4, 4, 5, 3]"
2023-01-02,2,roundrobin_plus_edge_layer,14,0.16027,16.170845,15.650045,1.6985078292343778,2.9693325232075813,56,2,"[1, 4, 4, 5, 4, 4, 5, 4, 4, 5, 4, 4, 5, 3]"
2023-01-02,0,Unphased,14,0.3301,49.966930000000005,42.12121,0.0,1.0,56,4,"[1, 4, 4, 5, 4, 4, 5, 4, 4, 5, 4, 4, 5, 3]"
2023-01-02,0,roundrobin_plus_edge_layer,14,0.15598499999999998,26.838335,15.865089999999999,1.6006005413717808,2.5113537901785388,56,4,"[1, 4, 4, 5, 4, 4, 5, 4, 4, 5, 4, 4, 5, 3]"
2023-01-02,1,Unphased,14,0.32687999999999995,46.76684,44.47704,0.0,1.0,56,4,"[1, 4, 4, 5, 4, 4, 5, 4, 4, 5, 4, 4, 5, 3]"
2023-01-02,1,roundrobin_plus_edge_layer,14,0.170895,19.519804999999998,15.190620000000001,1.5128992160597634,2.763463769690834,56,4,"[1, 4, 4, 5, 4, 4, 5, 4, 4, 5, 4, 4, 5, 3]"
2023-01-02,2,Unphased,14,0.32672,60.93486,44.86803,0.0,1.0,56,4,"[1, 4, 4, 5, 4, 4, 5, 4, 4, 5, 4, 4, 5, 3]"
2023-01-02,2,roundrobin_plus_edge_layer,14,0.171,20.86587,14.271745000000001,1.5675237538747242,2.457562590976299,56,4,"[1, 4, 4, 5, 4, 4, 5, 4, 4, 5, 4, 4, 5, 3]"
2023-01-16,0,Unphased,13,0.30483000000000005,58.02347999999999,40.40078999999999,0.0,1.0,52,2,"[3, 4, 5, 4, 4, 5, 4, 4, 5, 4, 4, 5, 1]"
2023-01-16,0,roundrobin_plus_edge_layer,13,0.156225,32.57194,15.78689,1.7538710396780333,2.7680670146139814,52,2,"[3, 4, 5, 4, 4, 5, 4, 4, 5, 4, 4, 5, 1]"
2023-01-16,1,Unphased,13,0.30169999999999997,80.72493999999999,42.48288,0.0,1.0,52,2,"[3, 4, 5, 4, 4, 5, 4, 4, 5, 4, 4, 5, 1]"
2023-01-16,1,roundrobin_plus_edge_layer,13,0.153165,23.90182,15.786905,1.8051645812906123,3.062933599008824,52,2,"[3, 4, 5, 4, 4, 5, 4, 4, 5, 4, 4, 5, 1]"
2023-01-16,2,Unphased,13,0.30300000000000005,77.19933999999998,42.93256,0.0,1.0,52,2,"[3, 4, 5, 4, 4, 5, 4, 4, 5, 4, 4, 5, 1]"
2023-01-16,2,roundrobin_plus_edge_layer,13,0.15823,16.098275,15.708699999999999,1.6524684068601379,3.0271557077584816,52,2,"[3, 4, 5, 4, 4, 5, 4, 4, 5, 4, 4, 5, 1]"
2023-01-16,0,Unphased,13,0.30483000000000005,58.02347999999999,40.40078999999999,0.0,1.0,52,4,"[3, 4, 5, 4, 4, 5, 4, 4, 5, 4, 4, 5, 1]"
2023-01-16,0,roundrobin_plus_edge_layer,13,0.15813,25.177155,15.80156,1.757342119361631,2.5500150826787817,52,4,"[3, 4, 5, 4, 4, 5, 4, 4, 5, 4, 4, 5, 1]"
2023-01-16,1,Unphased,13,0.30169999999999997,80.72493999999999,42.48288,0.0,1.0,52,4,"[3, 4, 5, 4, 4, 5, 4, 4, 5, 4, 4, 5, 1]"
2023-01-16,1,roundrobin_plus_edge_layer,13,0.16641999999999998,27.905250000000002,16.744875,1.809652299254621,2.566181477019644,52,4,"[3, 4, 5, 4, 4, 5, 4, 4, 5, 4, 4, 5, 1]"
2023-01-16,2,Unphased,13,0.30300000000000005,77.19933999999998,42.93256,0.0,1.0,52,4,"[3, 4, 5, 4, 4, 5, 4, 4, 5, 4, 4, 5, 1]"
2023-01-16,2,roundrobin_plus_edge_layer,13,0.16908,31.044150000000002,16.979475,1.6546852527557028,2.6246670008644135,52,4,"[3, 4, 5, 4, 4, 5, 4, 4, 5, 4, 4, 5, 1]"
2023-01-16,0,Unphased,12,0.33663,48.35588,38.02542,0.0,1.0,48,2,"[3, 4, 5, 4, 4, 5, 4, 4, 5, 4, 4, 2]"
2023-01-16,0,roundrobin_plus_edge_layer,12,0.16035499999999997,35.433,15.22972,2.081119658707866,3.625235550300394,48,2,"[3, 4, 5, 4, 4, 5, 4, 4, 5, 4, 4, 2]"
2023-01-16,1,Unphased,12,0.3384400000000001,45.250429999999994,40.69404,0.0,1.0,48,2,"[3, 4, 5, 4, 4, 5, 4, 4, 5, 4, 4, 2]"
2023-01-16,1,roundrobin_plus_edge_layer,12,0.16317,15.27327,14.594339999999999,2.0722044041218033,3.4074873929794944,48,2,"[3, 4, 5, 4, 4, 5, 4, 4, 5, 4, 4, 2]"
2023-01-16,2,Unphased,12,0.33143,40.37826,42.29718,0.0,1.0,48,2,"[3, 4, 5, 4, 4, 5, 4, 4, 5, 4, 4, 2]"
2023-01-16,2,roundrobin_plus_edge_layer,12,0.16041999999999998,14.85444,15.498544999999998,2.0896758152428454,4.141708520199845,48,2,"[3, 4, 5, 4, 4, 5, 4, 4, 5, 4, 4, 2]"
2023-01-16,0,Unphased,12,0.33663,48.35588,38.02542,0.0,1.0,48,4,"[3, 4, 5, 4, 4, 5, 4, 4, 5, 4, 4, 2]"
2023-01-16,0,roundrobin_plus_edge_layer,12,0.172025,39.477625,15.425220000000001,1.8802377591074633,2.5079335092226698,48,4,"[3, 4, 5, 4, 4, 5, 4, 4, 5, 4, 4, 2]"
2023-01-16,1,Unphased,12,0.3384400000000001,45.250429999999994,40.69404,0.0,1.0,48,4,"[3, 4, 5, 4, 4, 5, 4, 4, 5, 4, 4, 2]"
2023-01-16,1,roundrobin_plus_edge_layer,12,0.18662499999999999,23.78794,16.28056,1.8684240315039076,2.638769926868254,48,4,"[3, 4, 5, 4, 4, 5, 4, 4, 5, 4, 4, 2]"
2023-01-16,2,Unphased,12,0.33143,40.37826,42.29718,0.0,1.0,48,4,"[3, 4, 5, 4, 4, 5, 4, 4, 5, 4, 4, 2]"
2023-01-16,2,roundrobin_plus_edge_layer,12,0.17638499999999996,15.189169999999999,17.52689,1.9237343079525744,2.6481343338200016,48,4,"[3, 4, 5, 4, 4, 5, 4, 4, 5, 4, 4, 2]"
2023-01-16,0,Unphased,14,0.3301,49.966930000000005,42.12121,0.0,1.0,56,2,"[3, 4, 5, 4, 4, 5, 4, 4, 5, 4, 4, 5, 4, 1]"
2023-01-16,0,roundrobin_plus_edge_layer,14,0.16573,36.523295000000005,15.268815,1.6917931129840642,2.8119474539794087,56,2,"[3, 4, 5, 4, 4, 5, 4, 4, 5, 4, 4, 5, 4, 1]"
2023-01-16,1,Unphased,14,0.32687999999999995,46.76684,44.47704,0.0,1.0,56,2,"[3, 4, 5, 4, 4, 5, 4, 4, 5, 4, 4, 5, 4, 1]"
2023-01-16,1,roundrobin_plus_edge_layer,14,0.167705,18.425935000000003,17.43403,1.622415799603568,2.8271259077700135,56,2,"[3, 4, 5, 4, 4, 5, 4, 4, 5, 4, 4, 5, 4, 1]"
2023-01-16,2,Unphased,14,0.32672,60.93486,44.86803,0.0,1.0,56,2,"[3, 4, 5, 4, 4, 5, 4, 4, 5, 4, 4, 5, 4, 1]"
2023-01-16,2,roundrobin_plus_edge_layer,14,0.16530999999999998,10.290295,16.089925,1.6412608119448386,2.6664552361810046,56,2,"[3, 4, 5, 4, 4, 5, 4, 4, 5, 4, 4, 5, 4, 1]"
2023-01-16,0,Unphased,14,0.3301,49.966930000000005,42.12121,0.0,1.0,56,4,"[3, 4, 5, 4, 4, 5, 4, 4, 5, 4, 4, 5, 4, 1]"
2023-01-16,0,roundrobin_plus_edge_layer,14,0.1641,33.71904500000001,15.591410000000002,1.6959606911066423,2.6440687590098553,56,4,"[3, 4, 5, 4, 4, 5, 4, 4, 5, 4, 4, 5, 4, 1]"
2023-01-16,1,Unphased,14,0.32687999999999995,46.76684,44.47704,0.0,1.0,56,4,"[3, 4, 5, 4, 4, 5, 4, 4, 5, 4, 4, 5, 4, 1]"
2023-01-16,1,roundrobin_plus_edge_layer,14,0.164045,21.092785,17.297165,1.7049317008431213,2.5690390615216807,56,4,"[3, 4, 5, 4, 4, 5, 4, 4, 5, 4, 4, 5, 4, 1]"
2023-01-16,2,Unphased,14,0.32672,60.93486,44.86803,0.0,1.0,56,4,"[3, 4, 5, 4, 4, 5, 4, 4, 5, 4, 4, 5, 4, 1]"
2023-01-16,2,roundrobin_plus_edge_layer,14,0.16622499999999998,13.109765,18.211135,1.6131642822836028,2.457839550654208,56,4,"[3, 4, 5, 4, 4, 5, 4, 4, 5, 4, 4, 5, 4, 1]"
2023-01-23,0,Unphased,13,0.30483000000000005,58.02347999999999,40.40078999999999,0.0,1.0,52,2,"[2, 4, 5, 4, 4, 5, 4, 4, 5, 4, 4, 5, 2]"
2023-01-23,0,roundrobin_plus_edge_layer,13,0.16691000000000003,32.202225,15.967740000000001,1.9951642633431281,3.971225056571133,52,2,"[2, 4, 5, 4, 4, 5, 4, 4, 5, 4, 4, 5, 2]"
2023-01-23,1,Unphased,13,0.30169999999999997,80.72493999999999,42.48288,0.0,1.0,52,2,"[2, 4, 5, 4, 4, 5, 4, 4, 5, 4, 4, 5, 2]"
2023-01-23,1,roundrobin_plus_edge_layer,13,0.15807,13.817339999999998,16.62756,1.808339883180796,3.4888056319019083,52,2,"[2, 4, 5, 4, 4, 5, 4, 4, 5, 4, 4, 5, 2]"
2023-01-23,2,Unphased,13,0.30300000000000005,77.19933999999998,42.93256,0.0,1.0,52,2,"[2, 4, 5, 4, 4, 5, 4, 4, 5, 4, 4, 5, 2]"
2023-01-23,2,roundrobin_plus_edge_layer,13,0.14722,18.401055,15.99708,1.9659340670168808,3.5483697930623004,52,2,"[2, 4, 5, 4, 4, 5, 4, 4, 5, 4, 4, 5, 2]"
2023-01-23,0,Unphased,13,0.30483000000000005,58.02347999999999,40.40078999999999,0.0,1.0,52,4,"[2, 4, 5, 4, 4, 5, 4, 4, 5, 4, 4, 5, 2]"
2023-01-23,0,roundrobin_plus_edge_layer,13,0.150235,23.892284999999998,15.210159999999998,1.8515185491464865,2.6496911177347027,52,4,"[2, 4, 5, 4, 4, 5, 4, 4, 5, 4, 4, 5, 2]"
2023-01-23,1,Unphased,13,0.30169999999999997,80.72493999999999,42.48288,0.0,1.0,52,4,"[2, 4, 5, 4, 4, 5, 4, 4, 5, 4, 4, 5, 2]"
2023-01-23,1,roundrobin_plus_edge_layer,13,0.166305,25.190640000000005,15.513185000000002,1.7788923915442254,3.034080543801005,52,4,"[2, 4, 5, 4, 4, 5, 4, 4, 5, 4, 4, 5, 2]"
2023-01-23,2,Unphased,13,0.30300000000000005,77.19933999999998,42.93256,0.0,1.0,52,4,"[2, 4, 5, 4, 4, 5, 4, 4, 5, 4, 4, 5, 2]"
2023-01-23,2,roundrobin_plus_edge_layer,13,0.18368999999999996,32.11268,15.327465,1.7871110848001865,2.963300517012163,52,4,"[2, 4, 5, 4, 4, 5, 4, 4, 5, 4, 4, 5, 2]"
2023-01-23,0,Unphased,12,0.33663,48.35588,38.02542,0.0,1.0,48,2,"[2, 4, 5, 4, 4, 5, 4, 4, 5, 4, 4, 3]"
2023-01-23,0,roundrobin_plus_edge_layer,12,0.16038000000000002,27.967935,15.576739999999997,2.0995378705509866,3.6400059184314486,48,2,"[2, 4, 5, 4, 4, 5, 4, 4, 5, 4, 4, 3]"
2023-01-23,1,Unphased,12,0.3384400000000001,45.250429999999994,40.69404,0.0,1.0,48,2,"[2, 4, 5, 4, 4, 5, 4, 4, 5, 4, 4, 3]"
2023-01-23,1,roundrobin_plus_edge_layer,12,0.15347,9.939494999999999,16.29032,2.0446990935568934,3.5401639722597436,48,2,"[2, 4, 5, 4, 4, 5, 4, 4, 5, 4, 4, 3]"
2023-01-23,2,Unphased,12,0.33143,40.37826,42.29718,0.0,1.0,48,2,"[2, 4, 5, 4, 4, 5, 4, 4, 5, 4, 4, 3]"
2023-01-23,2,roundrobin_plus_edge_layer,12,0.155075,15.245345,16.109485,2.0171315849446603,3.0241141234047992,48,2,"[2, 4, 5, 4, 4, 5, 4, 4, 5, 4, 4, 3]"
2023-01-23,0,Unphased,12,0.33663,48.35588,38.02542,0.0,1.0,48,4,"[2, 4, 5, 4, 4, 5, 4, 4, 5, 4, 4, 3]"
2023-01-23,0,roundrobin_plus_edge_layer,12,0.17462499999999997,31.053284999999995,15.469210000000004,1.928669562902069,2.9331099984629114,48,4,"[2, 4, 5, 4, 4, 5, 4, 4, 5, 4, 4, 3]"
2023-01-23,1,Unphased,12,0.3384400000000001,45.250429999999994,40.69404,0.0,1.0,48,4,"[2, 4, 5, 4, 4, 5, 4, 4, 5, 4, 4, 3]"
2023-01-23,1,roundrobin_plus_edge_layer,12,0.18408000000000002,21.042740000000002,16.339189999999995,1.8460791550427191,2.957710098960442,48,4,"[2, 4, 5, 4, 4, 5, 4, 4, 5, 4, 4, 3]"
2023-01-23,2,Unphased,12,0.33143,40.37826,42.29718,0.0,1.0,48,4,"[2, 4, 5, 4, 4, 5, 4, 4, 5, 4, 4, 3]"
2023-01-23,2,roundrobin_plus_edge_layer,12,0.17932,21.519910000000003,16.979464999999998,1.9260210473706714,2.7537093655813494,48,4,"[2, 4, 5, 4, 4, 5, 4, 4, 5, 4, 4, 3]"
2023-01-23,0,Unphased,14,0.3301,49.966930000000005,42.12121,0.0,1.0,56,2,"[2, 4, 5, 4, 4, 5, 4, 4, 5, 4, 4, 5, 4, 2]"
2023-01-23,0,roundrobin_plus_edge_layer,14,0.156515,27.52111,15.131944999999998,1.736541144746986,3.6473137910958977,56,2,"[2, 4, 5, 4, 4, 5, 4, 4, 5, 4, 4, 5, 4, 2]"
2023-01-23,1,Unphased,14,0.32687999999999995,46.76684,44.47704,0.0,1.0,56,2,"[2, 4, 5, 4, 4, 5, 4, 4, 5, 4, 4, 5, 4, 2]"
2023-01-23,1,roundrobin_plus_edge_layer,14,0.15787500000000002,15.107014999999999,15.747805,1.7689818235570502,3.6775199451034655,56,2,"[2, 4, 5, 4, 4, 5, 4, 4, 5, 4, 4, 5, 4, 2]"
2023-01-23,2,Unphased,14,0.32672,60.93486,44.86803,0.0,1.0,56,2,"[2, 4, 5, 4, 4, 5, 4, 4, 5, 4, 4, 5, 4, 2]"
2023-01-23,2,roundrobin_plus_edge_layer,14,0.155225,22.877375,16.138799999999996,1.8391315348913335,3.241982557716988,56,2,"[2, 4, 5, 4, 4, 5, 4, 4, 5, 4, 4, 5, 4, 2]"
2023-01-23,0,Unphased,14,0.3301,49.966930000000005,42.12121,0.0,1.0,56,4,"[2, 4, 5, 4, 4, 5, 4, 4, 5, 4, 4, 5, 4, 2]"
2023-01-23,0,roundrobin_plus_edge_layer,14,0.159935,33.494425,15.395895,1.7433306797031718,2.5721538401143866,56,4,"[2, 4, 5, 4, 4, 5, 4, 4, 5, 4, 4, 5, 4, 2]"
2023-01-23,1,Unphased,14,0.32687999999999995,46.76684,44.47704,0.0,1.0,56,4,"[2, 4, 5, 4, 4, 5, 4, 4, 5, 4, 4, 5, 4, 2]"
2023-01-23,1,roundrobin_plus_edge_layer,14,0.16408,17.47697,16.24633,1.6501274787575553,2.560322007917444,56,4,"[2, 4, 5, 4, 4, 5, 4, 4, 5, 4, 4, 5, 4, 2]"
2023-01-23,2,Unphased,14,0.32672,60.93486,44.86803,0.0,1.0,56,4,"[2, 4, 5, 4, 4, 5, 4, 4, 5, 4, 4, 5, 4, 2]"
2023-01-23,2,roundrobin_plus_edge_layer,14,0.161735,17.00688,16.842615000000002,1.6905241976616674,2.5009549583078585,56,4,"[2, 4, 5, 4, 4, 5, 4, 4, 5, 4, 4, 5, 4, 2]"
