seed,lever,variance_cv,bias_pct,identifiability,cost_pct
0,Unphased,0.23712,37.58344,15.386110000000002,0.0
0,t=2,0.13968,27.567860000000003,7.41935,1.2047891146159406
0,t=3,0.131495,23.250155,6.647104999999999,1.8736696112049918
0,t=4,0.16927,21.077195000000003,6.001955000000001,2.555868458970978
1,Unphased,0.23275,54.17251,17.01858,0.0
1,t=2,0.137155,21.154919999999997,7.267835000000001,1.2411737728468368
1,t=3,0.13339499999999999,23.63786,6.8670599999999995,1.9134053912281006
1,t=4,0.16127000000000002,25.330135,5.84067,2.5231671831175926
2,Unphased,0.23643999999999998,42.70265,17.673489999999997,0.0
2,t=2,0.138925,27.317175,8.470185,1.2374972429791673
2,t=3,0.13172999999999999,17.84368,6.739985,1.9007318424058623
2,t=4,0.157495,19.241390000000003,6.8133050000000015,2.4830845531872336
3,Unphased,0.22991,46.174040000000005,18.91495,0.0
3,t=2,0.13994,30.015524999999997,9.530804999999999,1.2329023315367535
3,t=3,0.128555,24.470105000000004,6.490714999999999,1.9153778002091677
3,t=4,0.16231,16.5172,7.355815,2.554673989210344
4,Unphased,0.22918,58.29421,22.111449999999998,0.0
4,t=2,0.141155,23.290495,9.130015000000002,1.253955440512478
4,t=3,0.132585,26.969815000000004,7.13587,1.9351006187155813
4,t=4,0.16452,31.529065000000003,7.66863,2.587882739984255
5,Unphased,0.23257,32.72513,23.51905,0.0
5,t=2,0.148135,21.937330000000003,9.594335,1.2571370111765032
5,t=3,0.141775,19.37169,7.956989999999999,1.9347807224934999
5,t=4,0.168205,21.582389999999997,7.19941,2.5204576026461596
6,Unphased,0.23212000000000002,46.97347,24.29129,0.0
6,t=2,0.14645499999999997,22.650155,9.457474999999999,1.1739800990762823
6,t=3,0.14358,21.960545000000003,7.502435000000001,1.8420107101155534
6,t=4,0.170285,29.715959999999995,7.126100000000001,2.4983702316643153
7,Unphased,0.23207000000000005,33.19689,21.261000000000003,0.0
7,t=2,0.131215,17.026815,10.35191,1.2480999369269168
7,t=3,0.12852999999999998,12.022055,7.74194,1.9223588236343494
7,t=4,0.16556999999999997,23.072770000000002,8.52884,2.520626250261868
8,Unphased,0.23407999999999998,37.812419999999996,23.55817,0.0
8,t=2,0.1412,16.911694999999998,9.951130000000001,1.2487489245259602
8,t=3,0.12693499999999996,14.34669,7.26785,1.9138892438233819
8,t=4,0.17082000000000003,25.39826,7.927669999999999,2.559762898119768
9,Unphased,0.23274,34.79776,23.304019999999998,0.0
9,t=2,0.148195,13.758020000000002,8.71456,1.1966417368732112
9,t=3,0.138815,16.289105000000003,6.19745,1.8475661275882855
9,t=4,0.177145,14.41121,6.168135,2.4963230637492972
10,Unphased,0.23524000000000003,53.52665999999999,23.030310000000004,0.0
10,t=2,0.144785,14.257979999999998,8.851420000000001,1.2442363427713519
10,t=3,0.130815,19.206705,6.691115000000001,1.9193288442122365
10,t=4,0.16271,27.788525,6.681330000000001,2.6121868236356556
11,Unphased,0.23557999999999998,34.35351,20.33236,0.0
11,t=2,0.15211,15.07413,9.511230000000001,1.1965970182896142
11,t=3,0.12940000000000002,11.37302,7.434019999999999,1.8644966394755147
11,t=4,0.166275,31.32770500000001,6.8719399999999995,2.520150965146856
